id|name|position|Country
1|Pyle|director|UK
2|Edvard|manager|France
3|Ezar|director|Spain
4|Means|employee|Spain
5|Clywd|manager|Germany
6|Berard|director|France
7|Virgin|director|France
8|Garek|director|Germany
9|Meli|employee|Spain
10|Verger|director|UK
11|Zamora|director|France
12|Bohlin|director|France
13|Nedrud|director|France
14|Toffic|employee|Spain
15|Gherardo|director|Spain
16|Bergman|director|France
17|Hunfredo|employee|Spain
18|Vivle|director|Spain
19|Suzetta|director|France
20|Aprile|employee|France
21|Obed|manager|Germany
22|Mintz|employee|Spain
23|Joachim|manager|UK
24|Lay|manager|Spain
25|Idelia|director|Spain
26|Duwalt|director|UK
27|Salchunas|manager|Spain
28|Maurine|employee|UK
29|Kamaria|director|UK
30|Bollay|employee|Germany
31|Hamil|director|Spain
32|Sperling|director|UK
33|Demitria|director|UK
34|Talia|director|UK
35|Kimmie|director|Germany
36|Vorster|director|Germany
37|Sherfield|director|UK
38|Azeria|manager|Germany
39|Callista|manager|Spain
40|Ephrem|director|Germany
41|Ammann|manager|Germany
42|Pillsbury|manager|Spain
43|Vale|manager|Germany
44|Hortensia|manager|France
45|Kannry|director|UK
46|Giule|manager|France
47|Bronk|manager|UK
48|Bronk|director|Germany
49|Rillings|manager|Spain
50|Latini|employee|Germany
51|Hartnett|director|Spain
52|Blase|director|Germany
53|Couture|manager|UK
54|Diogenes|manager|Germany
55|Lytton|manager|UK
56|Allina|manager|France
57|Ethban|employee|France
58|Lesley|manager|UK
59|Tengdin|director|France
60|Docilla|employee|UK
61|Fiann|manager|France
62|Dawkins|manager|Germany
63|Azeria|employee|UK
64|Camden|director|Spain
65|Fry|employee|France
66|Plato|employee|UK
67|Millda|director|Spain
68|Alwin|director|Germany
69|Macey|employee|France
70|Carlson|employee|UK
71|My|director|Germany
72|Yate|manager|Spain
73|Karna|manager|UK
74|Westphal|manager|France
75|Liebermann|employee|UK
76|Edee|employee|UK
77|Leonard|manager|Spain
78|Billye|manager|UK
79|Clara|manager|UK
80|Alrich|director|Spain
81|Eachern|director|Germany
82|Janith|employee|UK
83|Cookie|manager|Germany
84|Riva|manager|UK
85|Knowling|director|UK
86|Curren|director|France
87|Cassius|employee|Germany
88|Stoller|director|Germany
89|Read|employee|Germany
90|Erb|manager|France
91|Verger|director|Germany
92|Poll|director|Spain
93|Pettiford|manager|Spain
94|Maurine|manager|Germany
95|Cherianne|director|Spain
96|Maroney|employee|Germany
97|Sammons|director|Germany
98|Parette|employee|Spain
99|Darbie|employee|Germany
100|Armanda|employee|Germany
101|Rheingold|employee|UK
102|Edvard|director|Spain
103|Eugenia|director|Spain
104|Agle|director|Spain
105|Verger|employee|UK
106|Anselmi|manager|France
107|Merat|manager|Germany
108|Jobi|manager|France
109|Frendel|director|Germany
110|Zaslow|manager|Spain
111|Jehu|manager|Spain
112|Bouchard|employee|France
113|Obed|manager|Spain
114|Radu|manager|UK
115|Cornelia|manager|Germany
116|Vernier|manager|Germany
117|Leonard|director|France
118|Rheingold|manager|Germany
119|Flyn|manager|France
120|Evangelia|manager|Germany
121|Loleta|employee|France
122|Fry|manager|France
123|Carleen|director|UK
124|Grobe|employee|Germany
125|Douglass|manager|UK
126|Goode|director|UK
127|Maribeth|manager|France
128|Juliet|employee|France
129|Leary|manager|Spain
130|Zina|employee|UK
131|Bendick|manager|France
132|Verger|employee|Germany
133|Bonilla|director|Spain
134|Ulphia|employee|Spain
135|Thar|employee|UK
136|Mott|employee|UK
137|Nea|employee|France
138|Nisbet|employee|Germany
139|Hirsch|employee|France
140|Cressida|employee|UK
141|Alarise|employee|Spain
142|Jillane|director|Spain
143|Kannry|employee|Spain
144|Nickola|director|Germany
145|Japeth|manager|Germany
146|Hubert|manager|Germany
147|Granoff|manager|Germany
148|Gert|manager|Germany
149|Hepsibah|director|Germany
150|Tengdin|manager|Spain
151|Harriman|manager|Germany
152|Sherrie|employee|Germany
153|Gilbertson|director|Germany
154|Ietta|director|Germany
155|Buffum|employee|France
156|Johanna|manager|France
157|Noam|director|Spain
158|Pascia|employee|Spain
159|Frendel|employee|UK
160|Taima|employee|UK
161|Thad|manager|UK
162|Maxi|employee|France
163|Harday|employee|Germany
164|Loleta|manager|France
165|Sherfield|employee|France
166|Hachmin|director|Germany
167|Ahab|manager|Spain
168|Denis|manager|France
169|Yam|director|Germany
170|Dreda|manager|Spain
171|Erminia|employee|Spain
172|Monk|director|UK
173|Crudden|director|Spain
174|Kussell|director|Spain
175|Arquit|manager|UK
176|Forrer|employee|Spain
177|Gaynor|manager|Spain
178|Dosia|manager|Spain
179|Noman|manager|France
180|Angelis|employee|Spain
181|Carri|manager|Germany
182|Brittani|manager|France
183|Hutchison|employee|Germany
184|Roche|director|Germany
185|Whiffen|manager|UK
186|Merat|employee|Germany
187|Wilona|director|UK
188|Cavan|manager|France
189|Delp|manager|UK
190|Margret|manager|UK
191|Brandice|director|Spain
192|Creamer|employee|France
193|Bartlett|manager|Germany
194|Bertold|director|Germany
195|Roche|employee|France
196|Ahab|director|Spain
197|Reneta|employee|UK
198|Zenas|employee|Germany
199|Pip|director|UK
200|Riva|director|Spain
201|Blisse|director|France
202|Garlinda|employee|Spain
203|Raychel|employee|UK
204|Lia|manager|Spain
205|Vins|employee|UK
206|Eno|employee|Spain
207|Tryck|director|UK
208|Taima|employee|France
209|Erskine|director|France
210|Irmine|employee|Germany
211|Jehu|director|France
212|Marisa|employee|France
213|Silvan|employee|Spain
214|Velick|manager|UK
215|Joni|director|Spain
216|Timon|employee|UK
217|Wareing|employee|France
218|Travax|manager|UK
219|Maryanne|director|Spain
220|Morehouse|director|Spain
221|Teryn|employee|Spain
222|Raychel|manager|France
223|Kathie|manager|UK
224|Charmine|manager|UK
225|Gaulin|manager|Germany
226|Bultman|director|Spain
227|Tybald|director|France
228|Germann|manager|UK
229|Kiyoshi|director|Spain
230|Vastah|director|France
231|Fitzsimmons|employee|UK
232|Couture|employee|UK
233|Felecia|director|Germany
234|Skurnik|director|Germany
235|Firmin|director|Spain
236|Dyche|manager|UK
237|Ajay|employee|Germany
238|Jary|director|UK
239|Clywd|manager|France
240|Haerr|manager|UK
241|Ehrman|director|UK
242|Saree|director|UK
243|Vanni|employee|Germany
244|Stelle|manager|UK
245|Sundin|director|France
246|Hanshaw|employee|Germany
247|Dawkins|manager|Spain
248|Tatianas|director|Germany
249|Etom|director|UK
250|Yate|employee|UK
251|Suanne|director|France
252|Noelyn|director|France
253|Casimir|director|France
254|Leffen|manager|Spain
255|Christine|manager|France
256|Ludewig|manager|France
257|Riva|manager|Spain
258|Vary|director|Germany
259|Bohlin|manager|France
260|Kravits|director|Germany
261|Mauer|manager|Germany
262|Mike|employee|Germany
263|Anyah|employee|France
264|Corabella|employee|France
265|Bohlin|employee|Germany
266|Alwin|manager|Spain
267|Kussell|manager|UK
268|Hollingsworth|employee|UK
269|Millda|employee|Germany
270|Bultman|manager|Germany
271|Wareing|employee|Spain
272|Lipson|employee|UK
273|Olnee|director|Spain
274|Saunderson|director|Spain
275|Melan|employee|UK
276|Kussell|director|UK
277|Bouchard|director|UK
278|Rhu|employee|Spain
279|Stanwood|director|UK
280|Joli|employee|France
281|Jefferey|employee|France
282|O'Neill|employee|UK
283|Annice|director|Spain
284|Solitta|manager|UK
285|Ellerey|director|Spain
286|Taima|director|France
287|Delila|director|UK
288|Vivle|director|UK
289|Bivins|manager|Spain
290|Hedve|manager|France
291|Diann|director|UK
292|Old|employee|Germany
293|Land|director|Spain
294|Celestine|employee|Spain
295|Lamoree|employee|UK
296|Junie|director|Spain
297|Franza|director|France
298|Rillings|director|France
299|Flita|manager|Germany
300|Gregrory|employee|UK